,mean,std
carat,2.260817795600319e-17,0.9999999999999999
cut,1.8183434556042564e-16,1.0
color,2.62254864289637e-16,1.0
clarity,1.921695126260271e-17,1.0
depth,-7.901558195623114e-16,1.0
table,-2.452664334255546e-15,1.0
