,mean,std
carat,0.7978995454545454,0.473665970623884
cut,3.905,1.1180431362632903
color,4.408636363636363,1.7014213188191312
clarity,4.054931818181818,1.6495745305123004
depth,61.750986363636365,1.4305502532545917
table,57.44959318181819,2.2326013807681964
